{
  "TotalRevenue": 22875877.03,
  "GrossMarginPct": 0.43787625396236013,
  "StockoutRatePct": 0.0038888888888888888
}